{
  "timestamp": "2026-03-15 23:24:00",
  "n": 32,
  "seed": 42,
  "results": [
    {
      "mode": "disk",
      "n": 32,
      "pairs": 24,
      "corr": -0.9366819991135423,
      "slope": -0.23431828955860978,
      "mae": 0.4550171911386576
    },
    {
      "mode": "wormhole",
      "n": 32,
      "pairs": 24,
      "corr": -0.7459306920037575,
      "slope": -0.22349426121206295,
      "mae": 0.4379670424613757
    }
  ]
}