{
  "timestamp": "2026-03-18 21:30:02",
  "n": 40,
  "seed": 42,
  "results": [
    {
      "mode": "disk",
      "n": 40,
      "pairs": 24,
      "corr": -0.9091713513294968,
      "slope": -0.30768398164102395,
      "mae": 0.7699738207591329
    },
    {
      "mode": "wormhole",
      "n": 40,
      "pairs": 24,
      "corr": -0.6170337703701657,
      "slope": -0.22683077669294904,
      "mae": 0.7881991436283694
    }
  ]
}